<?xml version="1.0" encoding="UTF-8"?>
<preferences xmlns="http://www.demandware.com/xml/impex/preferences/2007-03-31">
    <standard-preferences>
        <all-instances>
            <preference preference-id="AccountNumberRetentionDays">30</preference>
            <preference preference-id="AddProductToBasketBehavior">IncrementQuantities</preference>
            <preference preference-id="CouponGeneratorIncludeDashes">true</preference>
            <preference preference-id="CouponGeneratorIncludeVowels">true</preference>
            <preference preference-id="EnableSiteOrderNumbers">false</preference>
            <preference preference-id="IntegrationOrderCenterIncludeSite">true</preference>
            <preference preference-id="OrderEditExportDelay">30</preference>
            <preference preference-id="OrderExportDelay">30</preference>
            <preference preference-id="OrderIPLoggingEnabled">true</preference>
            <preference preference-id="OrderLifetime">0</preference>
            <preference preference-id="SiteCatalog">storefront-catalog-en</preference>
            <preference preference-id="SiteCurrencies">EUR:USD:JPY:CNY</preference>
            <preference preference-id="SiteCustomerList">SiteGenesis</preference>
            <preference preference-id="SiteDefaultLocale">en_US</preference>
            <preference preference-id="SiteInventoryList">inventory</preference>
            <preference preference-id="SiteLibrary">SiteGenesisSharedLibrary</preference>
            <preference preference-id="SiteLocales">default:en_US</preference>
            <preference preference-id="SitePriceBooks">cny-list-prices:cny-sale-prices:eur-list-prices:eur-sale-prices:jpy-list-prices:jpy-sale-prices:usd-list-prices:usd-sale-prices</preference>
            <preference preference-id="SiteTimezone">Etc/UTC</preference>
            <preference preference-id="StorefrontURLsEnabled">true</preference>
        </all-instances>
        <development>
            <preference preference-id="AvailabilityFiltering">Disabled</preference>
            <preference preference-id="AvailabilityLowRankingThreshold">0.0</preference>
            <preference preference-id="ExternallyPublishProductIndex">false</preference>
            <preference preference-id="MergedVariationGroupsDisplayMode">false</preference>
            <preference preference-id="RobotsTxtContent"/>
            <preference preference-id="RobotsTxtMode">Cartridge</preference>
            <preference preference-id="SearchSuggestions">Disabled</preference>
        </development>
        <staging>
            <preference preference-id="AvailabilityFiltering">Disabled</preference>
            <preference preference-id="AvailabilityLowRankingThreshold">0.0</preference>
            <preference preference-id="ExternallyPublishProductIndex">false</preference>
            <preference preference-id="MergedVariationGroupsDisplayMode">false</preference>
            <preference preference-id="RobotsTxtContent"/>
            <preference preference-id="RobotsTxtMode">Cartridge</preference>
            <preference preference-id="SearchSuggestions">Enabled</preference>
        </staging>
        <production>
            <preference preference-id="AvailabilityFiltering">Disabled</preference>
            <preference preference-id="AvailabilityLowRankingThreshold">0.0</preference>
            <preference preference-id="ExternallyPublishProductIndex">false</preference>
            <preference preference-id="MergedVariationGroupsDisplayMode">false</preference>
            <preference preference-id="RobotsTxtContent"/>
            <preference preference-id="RobotsTxtMode">Cartridge</preference>
            <preference preference-id="SearchSuggestions">Disabled</preference>
        </production>
    </standard-preferences>
    <custom-preferences>
        <all-instances/>
        <development>
            <preference preference-id="gp_app_id">Rar92ezom1ZCjp3ueZXWqnsxSLS2vnyW</preference>
            <preference preference-id="gp_app_key">FKckmB6GGAXKoO9rsPf1ovTgsRdYSXwQDRszUCVi176kanb5emY0KDAXZDFLiOsT</preference>
            <preference preference-id="gp_captureMode">LATER</preference>
            <preference preference-id="gp_clientID">4230946d-3f35-4e91-8303-a51720ba7a5b</preference>
            <preference preference-id="gp_enable_applepay">true</preference>
            <preference preference-id="gp_enable_googlepay">true</preference>
            <preference preference-id="gp_enable_paypal">true</preference>
            <preference preference-id="gp_env">sandbox</preference>
            <preference preference-id="gp_gatewayMerchantId">gpapiqa1</preference>
            <preference preference-id="gp_gpayEnv">TEST</preference>
            <preference preference-id="gp_gpayMerchantId">MER_7e3e2c7df34f42819b3edee31022ee3f</preference>
            <preference preference-id="gp_gpayMerchantName">globalpayments</preference>
        </development>
        <staging/>
        <production/>
    </custom-preferences>
</preferences>

